temperatura_c,umidade_pct,presenca
24.0,70.0,0.0
24.0,70.0,0.0
24.0,70.0,0.0
24.0,70.0,1.0
24.0,70.0,0.0
24.0,70.0,0.0
24.0,70.0,0.0
24.0,72.0,0.0
24.0,84.0,0.0
24.0,90.0,0.0
24.0,92.0,1.0
25.0,93.0,0.0
25.0,94.0,0.0
25.0,96.0,1.0
25.0,97.0,0.0
25.0,98.0,0.0
25.0,98.0,1.0
25.0,98.0,0.0
25.0,98.0,0.0
25.0,98.0,0.0
25.0,98.0,0.0
25.0,98.0,0.0
25.0,98.0,0.0
25.0,98.0,0.0
25.0,98.0,0.0
25.0,98.0,0.0
25.0,98.0,0.0
25.0,98.0,0.0
25.0,98.0,0.0
25.0,98.0,0.0
25.0,98.0,0.0
25.0,98.0,0.0
25.0,98.0,0.0
25.0,98.0,1.0
25.0,97.0,1.0
25.0,97.0,1.0
25.0,96.0,0.0
25.0,96.0,1.0
25.0,95.0,0.0
25.0,94.0,0.0
25.0,94.0,0.0
25.0,94.0,0.0
25.0,95.0,1.0
25.0,95.0,0.0
25.0,94.0,1.0
25.0,94.0,0.0
26.0,93.0,0.0
26.0,93.0,0.0
26.0,92.0,0.0
26.0,92.0,0.0
26.0,90.0,0.0
26.0,89.0,0.0
26.0,88.0,0.0
26.0,85.0,0.0
27.0,84.0,0.0
27.0,81.0,0.0
27.0,80.0,0.0
28.0,77.0,0.0
28.0,76.0,0.0
29.0,74.0,0.0
29.0,72.0,1.0
30.0,71.0,0.0
30.0,70.0,0.0
31.0,69.0,1.0
31.0,67.0,0.0
32.0,67.0,1.0
32.0,72.0,1.0
32.0,76.0,1.0
32.0,75.0,1.0
32.0,72.0,0.0
32.0,74.0,0.0
33.0,83.0,1.0
33.0,81.0,0.0
33.0,78.0,0.0
33.0,74.0,0.0
33.0,71.0,0.0
33.0,69.0,0.0
33.0,67.0,0.0
33.0,65.0,0.0
32.0,63.0,0.0
32.0,61.0,0.0
32.0,60.0,0.0
32.0,59.0,0.0
32.0,58.0,1.0
32.0,57.0,1.0
32.0,56.0,1.0
32.0,56.0,0.0
32.0,55.0,0.0
31.0,54.0,0.0
31.0,54.0,0.0
31.0,53.0,0.0
31.0,53.0,0.0
31.0,52.0,0.0
31.0,52.0,0.0
31.0,52.0,0.0
31.0,52.0,0.0
31.0,52.0,0.0
30.0,52.0,0.0
30.0,52.0,0.0
30.0,52.0,0.0
30.0,51.0,0.0
30.0,51.0,0.0
30.0,51.0,0.0
30.0,51.0,0.0
30.0,51.0,0.0
30.0,51.0,0.0
30.0,51.0,0.0
29.0,52.0,0.0
29.0,52.0,0.0
29.0,52.0,0.0
29.0,52.0,0.0
29.0,52.0,0.0
29.0,52.0,0.0
29.0,52.0,0.0
29.0,52.0,0.0
29.0,53.0,0.0
29.0,53.0,0.0
29.0,53.0,0.0
29.0,53.0,0.0
28.0,53.0,0.0
28.0,53.0,0.0
28.0,53.0,0.0
28.0,53.0,0.0
28.0,53.0,0.0
28.0,53.0,0.0
28.0,53.0,0.0
28.0,53.0,0.0
28.0,53.0,0.0
28.0,53.0,0.0
28.0,54.0,1.0
28.0,54.0,1.0
28.0,54.0,1.0
28.0,54.0,0.0
28.0,54.0,0.0
28.0,54.0,0.0
28.0,54.0,0.0
28.0,55.0,0.0
28.0,55.0,0.0
28.0,55.0,0.0
28.0,55.0,0.0
27.0,56.0,0.0
27.0,56.0,0.0
27.0,56.0,0.0
27.0,56.0,0.0
27.0,57.0,0.0
27.0,57.0,0.0
27.0,57.0,0.0
27.0,57.0,0.0
27.0,57.0,0.0
27.0,57.0,0.0
27.0,57.0,0.0
27.0,57.0,0.0
27.0,58.0,0.0
27.0,58.0,0.0
27.0,58.0,0.0
27.0,58.0,0.0
27.0,58.0,0.0
27.0,58.0,0.0
27.0,58.0,0.0
27.0,58.0,0.0
27.0,58.0,0.0
27.0,58.0,0.0
27.0,59.0,0.0
27.0,59.0,0.0
27.0,59.0,0.0
27.0,59.0,0.0
27.0,59.0,0.0
26.0,59.0,0.0
26.0,59.0,0.0
26.0,59.0,0.0
26.0,59.0,0.0
26.0,59.0,0.0
26.0,59.0,0.0
26.0,59.0,0.0
26.0,59.0,0.0
26.0,60.0,0.0
26.0,60.0,0.0
26.0,60.0,0.0
26.0,60.0,0.0
26.0,60.0,0.0
26.0,60.0,0.0
26.0,60.0,0.0
26.0,60.0,0.0
26.0,60.0,0.0
26.0,60.0,0.0
26.0,61.0,0.0
26.0,61.0,0.0
26.0,61.0,0.0
26.0,61.0,0.0
26.0,61.0,0.0
26.0,61.0,0.0
26.0,61.0,0.0
26.0,61.0,0.0
26.0,61.0,0.0
26.0,61.0,0.0
26.0,61.0,0.0
26.0,61.0,0.0
26.0,62.0,0.0
26.0,62.0,0.0
26.0,62.0,0.0
26.0,62.0,0.0
26.0,62.0,0.0
26.0,62.0,0.0
26.0,62.0,0.0
26.0,62.0,0.0
26.0,62.0,0.0
26.0,62.0,0.0
25.0,62.0,0.0
25.0,62.0,0.0
25.0,62.0,0.0
25.0,62.0,0.0
25.0,63.0,0.0
25.0,63.0,0.0
25.0,63.0,0.0
25.0,63.0,0.0
25.0,63.0,0.0
25.0,63.0,0.0
25.0,63.0,0.0
25.0,63.0,0.0
25.0,63.0,0.0
25.0,63.0,0.0
25.0,63.0,0.0
25.0,63.0,0.0
25.0,63.0,0.0
25.0,63.0,0.0
25.0,63.0,0.0
25.0,63.0,0.0
25.0,63.0,0.0
25.0,63.0,0.0
25.0,64.0,0.0
25.0,64.0,0.0
25.0,64.0,0.0
25.0,64.0,0.0
25.0,64.0,0.0
25.0,64.0,0.0
