model,split,class,precision,recall,f1-score,support,false_negatives
logistic,test,alerta,0.8333333333333334,0.6944444444444444,0.7575757575757576,36.0,11
logistic,test,critico,0.7857142857142857,0.6470588235294118,0.7096774193548387,34.0,12
logistic,test,normal,0.6896551724137931,1.0,0.8163265306122449,20.0,0
logistic,test,presenca,0.875,0.9459459459459459,0.9090909090909091,37.0,2
tree,test,alerta,0.972972972972973,1.0,0.9863013698630136,36.0,0
tree,test,critico,1.0,0.9705882352941176,0.9850746268656716,34.0,1
tree,test,normal,1.0,1.0,1.0,20.0,0
tree,test,presenca,1.0,1.0,1.0,37.0,0
forest,test,alerta,0.972972972972973,1.0,0.9863013698630136,36.0,0
forest,test,critico,1.0,0.9705882352941176,0.9850746268656716,34.0,1
forest,test,normal,1.0,1.0,1.0,20.0,0
forest,test,presenca,1.0,1.0,1.0,37.0,0
mlp,test,alerta,0.9722222222222222,0.9722222222222222,0.9722222222222222,36.0,1
mlp,test,critico,1.0,1.0,1.0,34.0,0
mlp,test,normal,0.9523809523809523,1.0,0.975609756097561,20.0,0
mlp,test,presenca,1.0,0.972972972972973,0.9863013698630136,37.0,1
dummy,test,alerta,0.0,0.0,0.0,36.0,36
dummy,test,critico,0.0,0.0,0.0,34.0,34
dummy,test,normal,0.0,0.0,0.0,20.0,20
dummy,test,presenca,0.29133858267716534,1.0,0.45121951219512196,37.0,0
