temp_band,humidity_band,presenca,samples,low_coverage
20-25,40-60,0.0,36,False
20-25,40-60,1.0,1,True
20-25,60-70,0.0,72,False
20-25,60-70,1.0,3,True
20-25,70-80,0.0,34,False
20-25,70-80,1.0,0,True
20-25,80-90,0.0,26,False
20-25,80-90,1.0,1,True
20-25,90-100,0.0,42,False
20-25,90-100,1.0,9,False
25-30,40-60,0.0,85,False
25-30,40-60,1.0,79,False
25-30,60-70,0.0,23,False
25-30,60-70,1.0,75,False
25-30,70-80,0.0,20,False
25-30,70-80,1.0,99,False
25-30,80-90,0.0,20,False
25-30,80-90,1.0,29,False
25-30,90-100,0.0,8,False
25-30,90-100,1.0,20,False
30-35,40-60,0.0,40,False
30-35,40-60,1.0,3,True
30-35,60-70,0.0,30,False
30-35,60-70,1.0,2,True
30-35,70-80,0.0,38,False
30-35,70-80,1.0,18,False
30-35,80-90,0.0,45,False
30-35,80-90,1.0,14,False
30-35,90-100,0.0,26,False
30-35,90-100,1.0,4,True
35-40,40-60,0.0,0,True
35-40,40-60,1.0,15,False
35-40,60-70,0.0,0,True
35-40,60-70,1.0,15,False
35-40,70-80,0.0,2,True
35-40,70-80,1.0,22,False
35-40,80-90,0.0,7,False
35-40,80-90,1.0,18,False
35-40,90-100,0.0,0,True
35-40,90-100,1.0,19,False
