temperatura_c,umidade_pct,presenca,classe,origem
32.2,92.2,0.0,critico,sintetico
21.9,78.6,0.0,normal,sintetico
30.1,80.2,0.0,alerta,sintetico
30.9,83.0,0.0,alerta,sintetico
32.1,49.8,0.0,alerta,sintetico
24.0,75.3,0.0,normal,sintetico
20.9,91.6,0.0,critico,sintetico
32.4,72.9,0.0,alerta,sintetico
26.6,67.9,1.0,presenca,sintetico
28.0,55.0,0.0,normal,real
22.3,70.0,0.0,normal,sintetico
33.0,69.0,0.0,alerta,real
30.0,90.5,1.0,critico,sintetico
26.0,64.6,1.0,presenca,sintetico
27.2,57.7,1.0,presenca,sintetico
27.0,53.7,1.0,presenca,sintetico
31.1,62.6,0.0,alerta,sintetico
28.4,48.5,1.0,presenca,sintetico
34.0,79.0,0.0,alerta,sintetico
33.8,65.1,0.0,alerta,sintetico
25.3,76.8,1.0,presenca,sintetico
26.0,59.0,0.0,normal,real
23.9,51.3,0.0,normal,sintetico
23.2,62.8,0.0,normal,sintetico
25.0,62.0,0.0,normal,real
28.1,48.3,1.0,presenca,sintetico
30.0,51.0,0.0,alerta,real
26.0,61.8,1.0,presenca,sintetico
26.7,65.4,1.0,presenca,sintetico
29.2,78.5,1.0,presenca,sintetico
30.1,79.8,0.0,alerta,sintetico
28.0,55.0,0.0,normal,real
36.0,89.0,1.0,critico,sintetico
37.3,87.1,1.0,critico,sintetico
35.7,92.1,1.0,critico,sintetico
26.0,62.0,0.0,normal,real
27.7,71.3,1.0,presenca,sintetico
23.9,78.9,0.0,normal,sintetico
28.8,54.4,1.0,presenca,sintetico
29.0,74.0,0.0,normal,real
36.0,90.0,0.0,critico,sintetico
31.0,52.0,0.0,alerta,real
35.9,94.6,1.0,critico,sintetico
26.1,61.7,1.0,presenca,sintetico
26.1,60.9,1.0,presenca,sintetico
36.1,47.8,1.0,critico,sintetico
27.9,66.8,1.0,presenca,sintetico
27.1,76.1,1.0,presenca,sintetico
22.3,85.2,0.0,alerta,sintetico
29.6,78.0,1.0,presenca,sintetico
22.5,81.6,0.0,alerta,sintetico
25.9,64.1,1.0,presenca,sintetico
35.0,90.5,1.0,critico,sintetico
26.9,54.5,1.0,presenca,sintetico
25.0,98.0,0.0,critico,real
25.0,98.0,0.0,critico,real
31.6,68.2,0.0,alerta,sintetico
24.0,92.0,1.0,critico,real
25.0,63.0,0.0,normal,real
26.8,41.2,1.0,presenca,sintetico
31.1,58.4,0.0,alerta,sintetico
27.0,84.0,0.0,alerta,real
21.6,52.2,0.0,normal,sintetico
25.0,62.0,0.0,normal,real
22.7,82.1,0.0,alerta,sintetico
23.6,56.4,0.0,normal,sintetico
31.0,81.0,0.0,alerta,sintetico
20.3,58.8,0.0,normal,sintetico
32.0,74.0,0.0,alerta,real
30.8,50.0,0.0,alerta,sintetico
29.0,52.0,0.0,normal,real
27.4,70.5,1.0,presenca,sintetico
21.6,94.0,0.0,critico,sintetico
22.0,57.2,0.0,normal,sintetico
32.5,91.8,0.0,critico,sintetico
35.8,86.3,1.0,critico,sintetico
33.5,60.0,0.0,alerta,sintetico
25.0,94.0,0.0,critico,real
33.9,84.2,0.0,alerta,sintetico
30.3,83.7,0.0,alerta,sintetico
33.6,77.9,0.0,alerta,sintetico
32.0,72.0,1.0,critico,real
26.2,40.6,1.0,presenca,sintetico
32.0,76.0,1.0,critico,real
26.9,64.4,1.0,presenca,sintetico
21.8,73.5,0.0,normal,sintetico
27.5,68.4,1.0,presenca,sintetico
34.9,78.5,0.0,alerta,sintetico
34.0,80.2,0.0,alerta,sintetico
38.3,86.5,1.0,critico,sintetico
21.8,82.2,0.0,alerta,sintetico
30.0,79.0,1.0,alerta,sintetico
38.1,91.8,1.0,critico,sintetico
25.0,63.0,0.0,normal,real
23.3,83.6,0.0,alerta,sintetico
23.2,78.5,0.0,normal,sintetico
23.1,61.0,0.0,normal,sintetico
31.0,54.0,0.0,alerta,real
31.0,69.0,1.0,alerta,real
22.3,78.2,0.0,normal,sintetico
30.7,63.7,0.0,alerta,sintetico
39.4,91.0,1.0,critico,sintetico
27.9,61.7,1.0,presenca,sintetico
30.8,42.5,0.0,alerta,sintetico
23.3,78.1,0.0,normal,sintetico
25.3,92.3,1.0,critico,sintetico
37.5,85.3,1.0,critico,sintetico
29.0,78.0,1.0,presenca,sintetico
26.0,59.0,0.0,normal,real
27.0,63.9,1.0,presenca,sintetico
28.3,64.4,1.0,presenca,sintetico
23.4,78.5,0.0,normal,sintetico
26.1,42.5,1.0,presenca,sintetico
22.1,44.1,0.0,normal,sintetico
32.0,56.0,0.0,alerta,real
31.0,92.0,0.0,critico,sintetico
26.0,60.0,0.0,normal,real
26.7,50.8,1.0,presenca,sintetico
30.4,90.5,0.0,critico,sintetico
30.1,92.0,0.0,critico,sintetico
29.0,76.9,1.0,presenca,sintetico
27.1,93.2,1.0,critico,sintetico
30.8,57.9,0.0,alerta,sintetico
32.8,62.8,0.0,alerta,sintetico
29.9,78.5,1.0,presenca,sintetico
22.7,54.5,0.0,normal,sintetico
37.8,65.9,1.0,critico,sintetico
30.5,90.4,0.0,critico,sintetico
25.3,42.5,1.0,presenca,sintetico
28.4,62.9,1.0,presenca,sintetico
29.2,89.0,1.0,critico,sintetico
22.6,53.1,0.0,normal,sintetico
36.0,70.1,1.0,critico,sintetico
26.3,52.6,1.0,presenca,sintetico
35.4,67.6,1.0,critico,sintetico
27.0,81.0,0.0,alerta,real
28.0,53.0,0.0,normal,real
25.0,63.0,0.0,normal,real
25.0,98.0,0.0,critico,real
33.0,81.0,0.0,alerta,real
25.0,94.0,1.0,critico,real
28.0,83.2,1.0,alerta,sintetico
33.6,87.0,0.0,alerta,sintetico
38.3,65.0,1.0,critico,sintetico
26.7,46.2,1.0,presenca,sintetico
27.0,72.1,1.0,presenca,sintetico
27.7,60.5,1.0,presenca,sintetico
30.9,75.0,0.0,alerta,sintetico
25.4,67.8,1.0,presenca,sintetico
27.1,74.0,1.0,presenca,sintetico
20.2,91.2,0.0,critico,sintetico
27.0,58.0,0.0,normal,real
26.8,76.3,1.0,presenca,sintetico
35.5,78.5,1.0,critico,sintetico
25.2,68.3,1.0,presenca,sintetico
34.0,78.0,1.0,critico,sintetico
22.0,91.6,0.0,critico,sintetico
26.6,75.4,1.0,presenca,sintetico
29.0,72.0,1.0,presenca,real
25.6,61.4,1.0,presenca,sintetico
30.4,52.8,0.0,alerta,sintetico
22.5,78.4,0.0,normal,sintetico
36.5,47.5,1.0,critico,sintetico
29.9,80.2,0.0,alerta,sintetico
29.6,78.5,1.0,presenca,sintetico
22.4,67.6,0.0,normal,sintetico
22.9,64.0,0.0,normal,sintetico
29.9,79.0,1.0,presenca,sintetico
34.5,89.0,1.0,critico,sintetico
25.6,90.5,1.0,critico,sintetico
33.0,71.2,0.0,alerta,sintetico
35.1,89.0,1.0,critico,sintetico
29.0,52.0,0.0,normal,real
25.5,47.2,1.0,presenca,sintetico
30.8,42.4,0.0,alerta,sintetico
29.2,80.2,0.0,alerta,sintetico
21.3,47.0,0.0,normal,sintetico
26.7,67.5,1.0,presenca,sintetico
21.1,75.5,0.0,normal,sintetico
25.7,64.6,1.0,presenca,sintetico
29.2,89.0,0.0,alerta,sintetico
33.4,65.6,0.0,alerta,sintetico
35.0,89.0,1.0,critico,sintetico
35.0,88.0,1.0,critico,sintetico
29.9,79.0,0.0,normal,sintetico
28.0,55.0,0.0,normal,real
36.0,78.0,1.0,critico,sintetico
32.7,88.6,0.0,alerta,sintetico
28.9,62.0,1.0,presenca,sintetico
21.1,81.2,0.0,alerta,sintetico
25.4,60.7,1.0,presenca,sintetico
25.9,53.7,1.0,presenca,sintetico
31.0,90.5,0.0,critico,sintetico
26.0,62.0,0.0,normal,real
25.0,63.0,0.0,normal,real
39.0,93.9,1.0,critico,sintetico
21.5,55.8,0.0,normal,sintetico
25.0,62.0,0.0,normal,real
29.0,45.6,1.0,presenca,sintetico
33.0,65.0,0.0,alerta,real
25.0,98.0,0.0,critico,real
28.4,83.4,1.0,alerta,sintetico
23.9,63.4,0.0,normal,sintetico
33.4,93.2,0.0,critico,sintetico
22.2,53.4,0.0,normal,sintetico
38.6,54.7,1.0,critico,sintetico
27.0,59.0,0.0,normal,real
25.7,72.9,1.0,presenca,sintetico
35.2,78.0,1.0,critico,sintetico
20.1,43.0,0.0,normal,sintetico
32.0,67.0,1.0,critico,real
27.0,56.0,0.0,normal,real
28.2,76.0,1.0,presenca,sintetico
27.1,75.6,1.0,presenca,sintetico
26.7,77.0,1.0,presenca,sintetico
29.6,88.0,1.0,critico,sintetico
30.2,90.7,0.0,critico,sintetico
34.9,90.0,1.0,critico,sintetico
29.2,78.0,1.0,presenca,sintetico
23.6,78.9,0.0,normal,sintetico
38.6,73.9,1.0,critico,sintetico
30.5,42.9,0.0,alerta,sintetico
28.0,73.0,1.0,presenca,sintetico
26.0,92.0,0.0,critico,real
26.8,61.4,1.0,presenca,sintetico
24.0,70.0,0.0,normal,real
35.8,43.2,1.0,critico,sintetico
30.7,93.0,0.0,critico,sintetico
28.3,70.8,1.0,presenca,sintetico
30.6,85.4,0.0,alerta,sintetico
22.6,83.4,0.0,alerta,sintetico
28.5,72.8,1.0,presenca,sintetico
28.4,90.3,1.0,critico,sintetico
31.1,93.5,0.0,critico,sintetico
25.0,98.0,1.0,critico,real
25.0,98.0,0.0,critico,real
25.0,64.0,0.0,normal,real
28.2,77.9,1.0,presenca,sintetico
26.0,61.0,0.0,normal,real
28.2,46.0,1.0,presenca,sintetico
24.0,70.0,1.0,presenca,real
26.0,62.0,0.0,normal,real
35.5,78.0,1.0,critico,sintetico
29.2,78.5,0.0,normal,sintetico
27.3,85.8,1.0,critico,sintetico
29.0,52.0,0.0,normal,real
32.5,41.8,0.0,alerta,sintetico
33.0,67.0,0.0,alerta,real
32.0,57.0,1.0,critico,real
20.4,86.5,0.0,alerta,sintetico
32.0,59.0,0.0,alerta,real
28.5,44.6,1.0,presenca,sintetico
27.3,50.5,1.0,presenca,sintetico
28.1,78.7,1.0,presenca,sintetico
25.2,71.6,1.0,presenca,sintetico
39.1,78.1,1.0,critico,sintetico
22.6,91.6,0.0,critico,sintetico
28.7,64.8,1.0,presenca,sintetico
25.9,66.0,1.0,presenca,sintetico
24.0,70.0,0.0,normal,real
25.2,83.1,1.0,alerta,sintetico
30.0,81.0,0.0,alerta,sintetico
30.0,52.0,0.0,alerta,real
23.1,86.0,0.0,alerta,sintetico
27.7,61.1,1.0,presenca,sintetico
22.5,67.9,0.0,normal,sintetico
30.4,43.9,0.0,alerta,sintetico
35.5,80.2,0.0,critico,sintetico
30.6,56.6,0.0,alerta,sintetico
38.3,77.8,1.0,critico,sintetico
32.9,61.7,0.0,alerta,sintetico
29.0,53.0,0.0,normal,real
26.7,71.7,1.0,presenca,sintetico
20.8,92.3,0.0,critico,sintetico
36.0,88.0,0.0,critico,sintetico
24.0,90.0,0.0,critico,real
26.0,61.0,0.0,normal,real
37.0,78.1,1.0,critico,sintetico
32.0,60.0,0.0,alerta,real
21.0,66.8,0.0,normal,sintetico
36.7,71.1,1.0,critico,sintetico
20.8,52.9,0.0,normal,sintetico
28.1,61.2,1.0,presenca,sintetico
21.8,91.9,0.0,critico,sintetico
25.0,63.0,0.0,normal,real
29.0,81.0,1.0,alerta,sintetico
38.5,65.2,1.0,critico,sintetico
38.8,45.1,1.0,critico,sintetico
25.0,63.0,0.0,normal,real
27.6,78.3,1.0,presenca,sintetico
28.3,51.3,1.0,presenca,sintetico
33.6,85.8,0.0,alerta,sintetico
33.8,91.5,0.0,critico,sintetico
36.5,92.3,1.0,critico,sintetico
35.6,78.3,1.0,critico,sintetico
30.1,92.0,1.0,critico,sintetico
29.0,49.4,1.0,presenca,sintetico
22.8,56.4,0.0,normal,sintetico
24.0,72.0,0.0,normal,real
27.0,58.0,0.0,normal,real
38.4,93.5,1.0,critico,sintetico
31.0,81.0,1.0,alerta,sintetico
34.9,90.5,0.0,critico,sintetico
31.3,84.8,0.0,alerta,sintetico
20.4,81.4,0.0,alerta,sintetico
26.5,68.3,1.0,presenca,sintetico
29.9,92.0,0.0,critico,sintetico
38.2,94.9,1.0,critico,sintetico
25.5,70.9,1.0,presenca,sintetico
30.1,80.0,0.0,alerta,sintetico
20.1,47.1,0.0,normal,sintetico
20.2,72.5,0.0,normal,sintetico
23.1,67.8,0.0,normal,sintetico
29.6,80.0,0.0,alerta,sintetico
35.0,91.0,0.0,critico,sintetico
37.2,63.4,1.0,critico,sintetico
25.0,63.0,0.0,normal,real
30.0,80.0,0.0,alerta,sintetico
29.0,77.4,1.0,presenca,sintetico
25.0,63.0,0.0,normal,real
32.0,63.0,0.0,alerta,real
27.0,57.0,0.0,normal,real
21.2,75.2,0.0,normal,sintetico
38.0,93.3,1.0,critico,sintetico
28.2,74.4,1.0,presenca,sintetico
37.0,49.0,1.0,critico,sintetico
32.1,72.8,0.0,alerta,sintetico
30.4,78.0,1.0,alerta,sintetico
31.0,79.0,1.0,alerta,sintetico
28.0,54.0,0.0,normal,real
26.9,44.9,1.0,presenca,sintetico
29.6,89.0,0.0,alerta,sintetico
21.9,58.1,0.0,normal,sintetico
29.0,80.0,0.0,alerta,sintetico
24.0,70.0,0.0,normal,real
37.4,54.9,1.0,critico,sintetico
25.4,62.3,1.0,presenca,sintetico
34.5,78.5,1.0,critico,sintetico
26.8,63.7,1.0,presenca,sintetico
30.7,72.8,0.0,alerta,sintetico
27.6,80.3,1.0,alerta,sintetico
39.2,80.5,1.0,critico,sintetico
26.0,59.0,0.0,normal,real
28.0,53.0,0.0,normal,real
20.2,65.3,0.0,normal,sintetico
35.0,92.0,0.0,critico,sintetico
20.7,88.2,0.0,alerta,sintetico
25.7,60.6,1.0,presenca,sintetico
31.0,53.0,0.0,alerta,real
25.6,70.8,1.0,presenca,sintetico
26.0,60.0,0.0,normal,real
22.2,50.6,0.0,normal,sintetico
25.5,57.8,1.0,presenca,sintetico
32.0,72.0,0.0,alerta,real
29.9,80.0,1.0,alerta,sintetico
28.0,54.0,1.0,presenca,real
30.4,91.0,0.0,critico,sintetico
22.6,94.0,0.0,critico,sintetico
32.7,82.5,0.0,alerta,sintetico
27.0,57.0,0.0,normal,real
36.0,90.5,1.0,critico,sintetico
30.0,92.0,1.0,critico,sintetico
28.0,54.0,0.0,normal,real
21.5,62.8,0.0,normal,sintetico
27.0,59.0,0.0,normal,real
25.0,98.0,0.0,critico,real
30.1,89.5,0.0,alerta,sintetico
26.0,61.0,0.0,normal,real
31.2,90.7,0.0,critico,sintetico
28.2,78.2,1.0,presenca,sintetico
26.0,59.0,0.0,normal,real
22.6,64.5,0.0,normal,sintetico
27.0,56.0,0.0,normal,real
26.0,59.0,0.0,normal,real
24.0,70.0,0.0,normal,real
32.6,66.0,0.0,alerta,sintetico
30.0,80.5,0.0,alerta,sintetico
33.0,78.0,0.0,alerta,real
29.0,61.4,1.0,presenca,sintetico
25.4,67.3,1.0,presenca,sintetico
23.9,66.9,0.0,normal,sintetico
27.0,57.0,0.0,normal,real
26.9,62.3,1.0,presenca,sintetico
25.0,64.0,0.0,normal,real
25.0,63.0,0.0,normal,real
29.2,79.8,1.0,presenca,sintetico
27.3,90.7,1.0,critico,sintetico
28.0,54.0,0.0,normal,real
28.0,71.5,1.0,presenca,sintetico
26.4,67.1,1.0,presenca,sintetico
26.0,61.0,0.0,normal,real
25.0,94.0,0.0,critico,real
33.6,63.6,0.0,alerta,sintetico
29.0,52.0,0.0,normal,real
28.1,84.4,1.0,alerta,sintetico
27.0,80.0,0.0,alerta,real
23.7,90.5,0.0,critico,sintetico
39.0,84.4,1.0,critico,sintetico
33.7,77.6,0.0,alerta,sintetico
25.1,43.9,1.0,presenca,sintetico
25.0,98.0,0.0,critico,real
33.1,42.1,0.0,alerta,sintetico
29.0,93.9,1.0,critico,sintetico
34.0,80.0,1.0,critico,sintetico
37.5,61.2,1.0,critico,sintetico
29.0,79.0,0.0,normal,sintetico
25.3,50.9,1.0,presenca,sintetico
30.2,63.9,0.0,alerta,sintetico
26.0,89.0,0.0,alerta,real
20.5,61.2,0.0,normal,sintetico
25.9,85.2,1.0,critico,sintetico
25.1,77.5,1.0,presenca,sintetico
23.4,55.6,0.0,normal,sintetico
34.5,78.5,0.0,alerta,sintetico
25.6,43.6,1.0,presenca,sintetico
32.5,84.9,0.0,alerta,sintetico
21.6,52.9,0.0,normal,sintetico
27.7,58.3,1.0,presenca,sintetico
38.5,85.8,1.0,critico,sintetico
27.7,46.3,1.0,presenca,sintetico
25.0,98.0,0.0,critico,real
26.1,67.6,1.0,presenca,sintetico
39.6,93.9,1.0,critico,sintetico
27.0,74.8,1.0,presenca,sintetico
25.5,68.6,1.0,presenca,sintetico
23.7,90.1,0.0,critico,sintetico
32.0,58.0,1.0,critico,real
30.0,71.0,0.0,alerta,real
35.5,75.9,1.0,critico,sintetico
32.3,93.8,0.0,critico,sintetico
30.1,78.0,1.0,alerta,sintetico
20.8,77.2,0.0,normal,sintetico
32.0,42.7,0.0,alerta,sintetico
29.6,80.2,1.0,alerta,sintetico
23.4,62.1,0.0,normal,sintetico
25.0,94.0,0.0,critico,real
26.0,60.0,0.0,normal,real
27.2,93.2,1.0,critico,sintetico
28.4,49.0,1.0,presenca,sintetico
35.7,50.9,1.0,critico,sintetico
25.0,63.0,0.0,normal,real
29.9,78.0,0.0,normal,sintetico
27.6,42.6,1.0,presenca,sintetico
29.2,88.0,1.0,critico,sintetico
29.0,65.0,1.0,presenca,sintetico
25.5,66.6,1.0,presenca,sintetico
28.1,63.9,1.0,presenca,sintetico
26.0,60.0,0.0,normal,real
20.0,43.6,0.0,normal,sintetico
21.4,87.3,0.0,alerta,sintetico
29.6,80.0,1.0,alerta,sintetico
25.1,65.1,1.0,presenca,sintetico
35.3,43.3,1.0,critico,sintetico
27.0,59.0,0.0,normal,real
33.9,88.0,0.0,alerta,sintetico
40.0,66.1,1.0,critico,sintetico
26.1,67.1,1.0,presenca,sintetico
31.0,78.0,1.0,alerta,sintetico
28.3,67.2,1.0,presenca,sintetico
36.0,91.0,1.0,critico,sintetico
33.0,74.0,0.0,alerta,real
29.0,52.0,0.0,normal,real
30.2,62.1,0.0,alerta,sintetico
25.3,61.0,1.0,presenca,sintetico
20.7,45.4,0.0,normal,sintetico
30.0,51.0,0.0,alerta,real
29.0,52.0,0.0,normal,real
31.0,80.2,1.0,alerta,sintetico
33.7,49.6,0.0,alerta,sintetico
23.9,86.5,0.0,alerta,sintetico
34.5,89.0,0.0,alerta,sintetico
31.0,52.0,0.0,alerta,real
25.4,67.6,1.0,presenca,sintetico
31.0,54.0,0.0,alerta,real
21.0,68.4,0.0,normal,sintetico
26.6,72.2,1.0,presenca,sintetico
26.6,52.7,1.0,presenca,sintetico
27.7,56.0,1.0,presenca,sintetico
30.4,90.5,1.0,critico,sintetico
39.6,94.1,1.0,critico,sintetico
34.9,80.0,1.0,critico,sintetico
31.0,52.0,0.0,alerta,real
25.0,93.0,0.0,critico,real
37.5,67.9,1.0,critico,sintetico
38.7,70.1,1.0,critico,sintetico
25.0,95.0,0.0,critico,real
25.0,95.0,1.0,critico,real
25.4,94.6,1.0,critico,sintetico
26.0,59.0,0.0,normal,real
30.1,78.5,1.0,alerta,sintetico
27.0,75.7,1.0,presenca,sintetico
28.0,67.2,1.0,presenca,sintetico
26.0,78.2,1.0,presenca,sintetico
30.0,51.0,0.0,alerta,real
29.2,80.0,0.0,alerta,sintetico
26.0,60.0,0.0,normal,real
28.7,90.6,1.0,critico,sintetico
20.9,73.3,0.0,normal,sintetico
27.4,51.8,1.0,presenca,sintetico
28.4,73.4,1.0,presenca,sintetico
29.6,79.8,0.0,normal,sintetico
26.0,60.0,0.0,normal,real
31.6,62.9,0.0,alerta,sintetico
26.6,75.2,1.0,presenca,sintetico
30.0,80.2,0.0,alerta,sintetico
28.0,57.5,1.0,presenca,sintetico
25.0,67.2,1.0,presenca,sintetico
30.0,79.8,1.0,alerta,sintetico
27.8,77.7,1.0,presenca,sintetico
23.9,47.6,0.0,normal,sintetico
37.4,44.3,1.0,critico,sintetico
21.5,94.8,0.0,critico,sintetico
36.5,49.8,1.0,critico,sintetico
25.0,98.0,0.0,critico,real
20.6,85.0,0.0,alerta,sintetico
23.0,86.9,0.0,alerta,sintetico
25.0,63.0,0.0,normal,real
26.0,60.0,0.0,normal,real
28.1,77.1,1.0,presenca,sintetico
25.0,98.0,0.0,critico,real
20.9,61.2,0.0,normal,sintetico
25.1,42.1,1.0,presenca,sintetico
23.9,78.0,0.0,normal,sintetico
29.2,90.0,0.0,critico,sintetico
38.6,41.6,1.0,critico,sintetico
37.3,71.4,1.0,critico,sintetico
22.0,66.6,0.0,normal,sintetico
26.0,62.0,0.0,normal,real
26.0,46.1,1.0,presenca,sintetico
31.0,52.0,0.0,alerta,real
34.0,89.5,1.0,critico,sintetico
32.0,75.0,1.0,critico,real
21.4,83.8,0.0,alerta,sintetico
33.3,71.5,0.0,alerta,sintetico
28.6,72.8,1.0,presenca,sintetico
33.2,65.3,0.0,alerta,sintetico
27.0,58.0,0.0,normal,real
33.0,71.0,0.0,alerta,real
23.7,83.1,0.0,alerta,sintetico
21.7,54.7,0.0,normal,sintetico
26.0,61.0,0.0,normal,real
27.7,92.4,1.0,critico,sintetico
33.4,53.2,0.0,alerta,sintetico
37.5,54.2,1.0,critico,sintetico
29.0,53.0,0.0,normal,real
28.2,78.6,1.0,presenca,sintetico
26.6,72.0,1.0,presenca,sintetico
25.9,60.4,1.0,presenca,sintetico
25.3,92.8,1.0,critico,sintetico
28.0,53.0,0.0,normal,real
29.0,53.0,0.0,normal,real
20.4,78.1,0.0,normal,sintetico
28.2,41.9,1.0,presenca,sintetico
28.0,77.0,0.0,normal,real
26.0,62.1,1.0,presenca,sintetico
29.6,79.8,1.0,presenca,sintetico
35.1,78.5,0.0,critico,sintetico
33.1,84.1,0.0,alerta,sintetico
26.0,93.0,0.0,critico,real
35.5,79.0,1.0,critico,sintetico
26.0,61.0,0.0,normal,real
27.7,65.8,1.0,presenca,sintetico
26.8,61.9,1.0,presenca,sintetico
26.3,66.5,1.0,presenca,sintetico
26.2,76.1,1.0,presenca,sintetico
29.9,89.0,0.0,alerta,sintetico
33.6,51.3,0.0,alerta,sintetico
33.4,76.8,0.0,alerta,sintetico
28.6,78.0,1.0,presenca,sintetico
28.8,46.1,1.0,presenca,sintetico
27.0,57.0,0.0,normal,real
28.0,53.0,0.0,normal,real
30.3,71.6,0.0,alerta,sintetico
26.0,90.0,0.0,critico,real
28.1,58.5,1.0,presenca,sintetico
28.2,77.7,1.0,presenca,sintetico
27.0,56.0,0.0,normal,real
28.3,61.0,1.0,presenca,sintetico
30.9,72.2,0.0,alerta,sintetico
36.4,88.1,1.0,critico,sintetico
21.1,73.0,0.0,normal,sintetico
25.0,98.0,0.0,critico,real
23.7,65.4,0.0,normal,sintetico
33.3,53.5,0.0,alerta,sintetico
25.9,50.7,1.0,presenca,sintetico
33.6,94.9,0.0,critico,sintetico
34.9,78.5,1.0,critico,sintetico
30.1,74.1,0.0,alerta,sintetico
25.0,95.0,0.0,critico,real
26.0,60.0,0.0,normal,real
35.3,77.4,1.0,critico,sintetico
22.7,48.3,0.0,normal,sintetico
34.9,89.0,0.0,alerta,sintetico
21.8,68.4,0.0,normal,sintetico
23.9,60.8,0.0,normal,sintetico
27.0,58.0,0.0,normal,real
26.8,81.5,1.0,alerta,sintetico
31.0,78.0,0.0,alerta,sintetico
30.4,73.6,0.0,alerta,sintetico
32.6,46.5,0.0,alerta,sintetico
25.0,98.0,0.0,critico,real
28.0,53.0,0.0,normal,real
30.0,78.0,0.0,alerta,sintetico
29.2,81.0,1.0,alerta,sintetico
36.3,72.9,1.0,critico,sintetico
28.1,58.1,1.0,presenca,sintetico
26.0,61.0,0.0,normal,real
29.0,53.0,0.0,normal,real
24.0,66.3,0.0,normal,sintetico
31.4,87.7,0.0,alerta,sintetico
26.0,60.0,0.0,normal,real
37.3,61.8,1.0,critico,sintetico
28.1,84.3,1.0,alerta,sintetico
21.6,54.4,0.0,normal,sintetico
25.7,50.5,1.0,presenca,sintetico
32.1,63.7,0.0,alerta,sintetico
28.2,66.1,1.0,presenca,sintetico
30.1,88.0,0.0,alerta,sintetico
29.9,78.0,1.0,presenca,sintetico
25.0,94.0,0.0,critico,real
26.2,63.0,1.0,presenca,sintetico
27.0,58.0,0.0,normal,real
21.9,72.6,0.0,normal,sintetico
26.0,59.0,0.0,normal,real
25.0,98.0,1.0,critico,real
36.0,80.2,0.0,critico,sintetico
26.0,92.0,0.0,critico,real
26.1,77.8,1.0,presenca,sintetico
26.5,57.7,1.0,presenca,sintetico
21.7,84.3,0.0,alerta,sintetico
25.9,71.0,1.0,presenca,sintetico
23.2,91.2,0.0,critico,sintetico
27.7,73.7,1.0,presenca,sintetico
21.0,76.4,0.0,normal,sintetico
27.3,40.4,1.0,presenca,sintetico
25.0,63.0,0.0,normal,real
25.0,98.0,0.0,critico,real
27.6,61.7,1.0,presenca,sintetico
26.0,75.3,1.0,presenca,sintetico
25.7,53.9,1.0,presenca,sintetico
26.2,84.4,1.0,alerta,sintetico
25.0,64.0,0.0,normal,real
25.0,96.0,1.0,critico,real
27.7,70.3,1.0,presenca,sintetico
38.9,40.3,1.0,critico,sintetico
23.5,62.6,0.0,normal,sintetico
25.1,65.4,1.0,presenca,sintetico
28.0,60.9,1.0,presenca,sintetico
30.2,49.1,0.0,alerta,sintetico
21.8,41.5,0.0,normal,sintetico
26.0,61.0,0.0,normal,real
25.9,41.0,1.0,presenca,sintetico
27.1,74.3,1.0,presenca,sintetico
22.8,52.3,0.0,normal,sintetico
27.4,77.0,1.0,presenca,sintetico
20.4,64.5,0.0,normal,sintetico
33.6,53.7,0.0,alerta,sintetico
26.4,67.4,1.0,presenca,sintetico
27.0,59.0,0.0,normal,real
27.4,55.1,1.0,presenca,sintetico
27.0,58.0,0.0,normal,real
31.4,60.5,0.0,alerta,sintetico
25.8,61.7,1.0,presenca,sintetico
31.3,64.9,0.0,alerta,sintetico
29.0,52.0,0.0,normal,real
25.0,63.0,0.0,normal,real
23.4,88.2,0.0,alerta,sintetico
30.0,51.0,0.0,alerta,real
28.7,84.3,1.0,alerta,sintetico
38.4,72.7,1.0,critico,sintetico
32.7,88.2,0.0,alerta,sintetico
32.9,76.7,0.0,alerta,sintetico
29.0,79.0,1.0,presenca,sintetico
31.8,75.4,0.0,alerta,sintetico
28.0,53.0,0.0,normal,real
26.0,85.0,0.0,alerta,real
27.0,57.0,0.0,normal,real
35.5,78.5,0.0,critico,sintetico
27.5,72.5,1.0,presenca,sintetico
25.0,62.0,0.0,normal,real
21.0,84.3,0.0,alerta,sintetico
22.2,67.5,0.0,normal,sintetico
25.0,46.4,1.0,presenca,sintetico
24.0,84.0,0.0,alerta,real
26.4,73.7,1.0,presenca,sintetico
25.0,96.0,0.0,critico,real
30.6,68.4,0.0,alerta,sintetico
25.0,61.0,1.0,presenca,sintetico
38.7,94.8,1.0,critico,sintetico
34.0,79.0,1.0,critico,sintetico
30.0,78.0,1.0,alerta,sintetico
26.4,81.7,1.0,alerta,sintetico
28.8,86.8,1.0,critico,sintetico
30.0,79.8,0.0,alerta,sintetico
28.6,63.9,1.0,presenca,sintetico
23.2,73.5,0.0,normal,sintetico
30.8,90.4,0.0,critico,sintetico
29.9,90.0,1.0,critico,sintetico
27.6,62.4,1.0,presenca,sintetico
27.0,57.0,0.0,normal,real
29.0,81.2,1.0,alerta,sintetico
27.1,83.9,1.0,alerta,sintetico
28.0,42.5,1.0,presenca,sintetico
29.0,81.0,0.0,alerta,sintetico
27.2,71.3,1.0,presenca,sintetico
34.0,89.0,0.0,alerta,sintetico
27.0,57.0,0.0,normal,real
27.0,57.0,0.0,normal,real
21.0,81.5,0.0,alerta,sintetico
25.7,74.5,1.0,presenca,sintetico
34.0,84.8,0.0,alerta,sintetico
35.1,89.5,1.0,critico,sintetico
20.5,94.2,0.0,critico,sintetico
31.8,94.1,0.0,critico,sintetico
30.0,78.5,1.0,alerta,sintetico
26.0,61.0,0.0,normal,real
28.0,53.0,0.0,normal,real
23.4,56.1,0.0,normal,sintetico
30.4,80.2,0.0,alerta,sintetico
27.0,56.0,0.0,normal,real
28.7,72.3,1.0,presenca,sintetico
26.0,62.0,0.0,normal,real
26.1,94.4,1.0,critico,sintetico
35.1,78.0,1.0,critico,sintetico
35.4,90.6,1.0,critico,sintetico
34.5,88.0,1.0,critico,sintetico
28.0,53.0,0.0,normal,real
26.0,60.0,0.0,normal,real
26.0,62.0,0.0,normal,real
38.1,71.5,1.0,critico,sintetico
30.0,89.0,0.0,alerta,sintetico
37.4,63.8,1.0,critico,sintetico
29.0,78.5,1.0,presenca,sintetico
26.6,69.0,1.0,presenca,sintetico
28.4,72.1,1.0,presenca,sintetico
22.5,76.7,0.0,normal,sintetico
28.9,44.9,1.0,presenca,sintetico
28.0,54.0,1.0,presenca,real
30.7,75.1,0.0,alerta,sintetico
26.5,84.7,1.0,alerta,sintetico
33.0,64.2,0.0,alerta,sintetico
33.3,81.6,0.0,alerta,sintetico
21.6,68.3,0.0,normal,sintetico
27.4,51.2,1.0,presenca,sintetico
25.0,63.0,0.0,normal,real
30.1,88.6,0.0,alerta,sintetico
25.1,53.0,1.0,presenca,sintetico
27.7,40.4,1.0,presenca,sintetico
21.6,65.3,0.0,normal,sintetico
25.4,52.4,1.0,presenca,sintetico
31.0,88.0,0.0,alerta,sintetico
27.6,73.7,1.0,presenca,sintetico
34.5,81.0,0.0,alerta,sintetico
31.0,89.0,0.0,alerta,sintetico
25.3,55.9,1.0,presenca,sintetico
31.2,63.9,0.0,alerta,sintetico
31.0,89.5,1.0,critico,sintetico
26.7,70.3,1.0,presenca,sintetico
32.1,86.9,0.0,alerta,sintetico
22.8,81.6,0.0,alerta,sintetico
29.0,52.0,0.0,normal,real
30.4,78.5,1.0,alerta,sintetico
25.0,64.0,0.0,normal,real
25.7,77.2,1.0,presenca,sintetico
36.5,85.3,1.0,critico,sintetico
26.0,78.3,1.0,presenca,sintetico
33.2,48.9,0.0,alerta,sintetico
29.0,71.0,1.0,presenca,sintetico
25.1,49.1,1.0,presenca,sintetico
25.0,64.0,0.0,normal,real
28.0,71.1,1.0,presenca,sintetico
20.6,66.2,0.0,normal,sintetico
29.0,78.5,0.0,normal,sintetico
32.8,43.9,0.0,alerta,sintetico
28.1,42.6,1.0,presenca,sintetico
27.5,73.5,1.0,presenca,sintetico
33.8,70.6,0.0,alerta,sintetico
30.0,88.0,0.0,alerta,sintetico
34.0,89.5,0.0,alerta,sintetico
25.4,66.0,1.0,presenca,sintetico
32.1,93.7,0.0,critico,sintetico
22.2,67.1,0.0,normal,sintetico
31.0,90.0,0.0,critico,sintetico
30.9,64.8,0.0,alerta,sintetico
33.0,87.3,0.0,alerta,sintetico
25.0,63.0,0.0,normal,real
28.8,43.7,1.0,presenca,sintetico
22.4,73.8,0.0,normal,sintetico
38.3,65.9,1.0,critico,sintetico
39.7,82.2,1.0,critico,sintetico
30.4,88.0,0.0,alerta,sintetico
30.0,92.0,0.0,critico,sintetico
26.1,60.3,1.0,presenca,sintetico
27.8,50.1,1.0,presenca,sintetico
26.7,47.0,1.0,presenca,sintetico
25.3,71.8,1.0,presenca,sintetico
23.0,61.2,0.0,normal,sintetico
25.8,78.0,1.0,presenca,sintetico
29.9,88.0,0.0,alerta,sintetico
28.7,42.7,1.0,presenca,sintetico
25.3,91.2,1.0,critico,sintetico
25.8,41.5,1.0,presenca,sintetico
35.1,89.0,0.0,critico,sintetico
25.0,81.9,1.0,alerta,sintetico
32.0,56.0,1.0,critico,real
22.6,77.4,0.0,normal,sintetico
33.7,74.2,0.0,alerta,sintetico
27.0,58.0,0.0,normal,real
27.9,56.8,1.0,presenca,sintetico
25.0,97.0,1.0,critico,real
30.4,80.0,0.0,alerta,sintetico
26.0,59.0,0.0,normal,real
22.0,73.0,0.0,normal,sintetico
29.0,63.1,1.0,presenca,sintetico
28.7,58.7,1.0,presenca,sintetico
26.1,63.9,1.0,presenca,sintetico
26.1,50.9,1.0,presenca,sintetico
25.2,48.7,1.0,presenca,sintetico
31.0,52.0,0.0,alerta,real
21.9,66.9,0.0,normal,sintetico
35.1,81.0,0.0,critico,sintetico
30.0,80.2,1.0,alerta,sintetico
21.2,93.0,0.0,critico,sintetico
31.9,86.6,0.0,alerta,sintetico
38.2,81.1,1.0,critico,sintetico
30.9,82.6,0.0,alerta,sintetico
26.6,71.8,1.0,presenca,sintetico
26.0,62.0,0.0,normal,real
34.0,78.0,0.0,alerta,sintetico
22.2,73.5,0.0,normal,sintetico
35.0,90.5,0.0,critico,sintetico
30.0,79.0,0.0,alerta,sintetico
23.1,73.4,0.0,normal,sintetico
25.0,63.0,0.0,normal,real
24.0,70.0,0.0,normal,real
30.3,71.2,0.0,alerta,sintetico
35.0,78.5,1.0,critico,sintetico
25.9,61.5,1.0,presenca,sintetico
22.9,55.3,0.0,normal,sintetico
30.7,76.1,0.0,alerta,sintetico
33.4,68.9,0.0,alerta,sintetico
29.0,80.0,1.0,alerta,sintetico
32.3,54.4,0.0,alerta,sintetico
30.0,52.0,0.0,alerta,real
23.2,43.2,0.0,normal,sintetico
34.5,79.0,0.0,alerta,sintetico
39.6,84.0,1.0,critico,sintetico
35.1,90.5,1.0,critico,sintetico
30.4,89.0,1.0,critico,sintetico
26.0,93.0,0.0,critico,real
25.0,98.0,0.0,critico,real
30.3,80.5,0.0,alerta,sintetico
21.6,72.2,0.0,normal,sintetico
26.0,62.0,0.0,normal,real
28.0,54.0,0.0,normal,real
25.0,98.0,0.0,critico,real
28.7,70.2,1.0,presenca,sintetico
25.0,64.0,0.0,normal,real
28.4,61.4,1.0,presenca,sintetico
31.3,48.8,0.0,alerta,sintetico
23.5,75.4,0.0,normal,sintetico
35.5,88.0,0.0,critico,sintetico
31.3,73.4,0.0,alerta,sintetico
28.0,46.0,1.0,presenca,sintetico
25.6,42.2,1.0,presenca,sintetico
34.0,90.5,0.0,critico,sintetico
30.7,88.8,0.0,alerta,sintetico
28.0,55.0,0.0,normal,real
30.0,70.0,0.0,alerta,real
34.5,92.0,0.0,critico,sintetico
20.4,47.3,0.0,normal,sintetico
28.0,53.0,0.0,normal,real
26.2,45.9,1.0,presenca,sintetico
29.9,90.5,1.0,critico,sintetico
28.3,62.2,1.0,presenca,sintetico
28.6,65.1,1.0,presenca,sintetico
31.0,67.0,0.0,alerta,real
22.1,58.3,0.0,normal,sintetico
25.0,97.0,0.0,critico,real
27.0,58.0,0.0,normal,real
25.0,94.0,0.0,critico,real
22.8,78.8,0.0,normal,sintetico
26.7,73.4,1.0,presenca,sintetico
26.0,61.0,0.0,normal,real
33.2,55.9,0.0,alerta,sintetico
25.0,63.0,0.0,normal,real
20.2,65.4,0.0,normal,sintetico
26.0,88.0,0.0,alerta,real
25.3,67.2,1.0,presenca,sintetico
29.6,79.0,1.0,presenca,sintetico
28.1,77.7,1.0,presenca,sintetico
28.4,77.9,1.0,presenca,sintetico
20.5,68.3,0.0,normal,sintetico
28.6,53.3,1.0,presenca,sintetico
25.5,81.5,1.0,alerta,sintetico
25.2,90.8,1.0,critico,sintetico
32.4,64.2,0.0,alerta,sintetico
22.4,93.4,0.0,critico,sintetico
33.1,74.3,0.0,alerta,sintetico
25.3,77.5,1.0,presenca,sintetico
26.5,73.8,1.0,presenca,sintetico
23.0,44.9,0.0,normal,sintetico
37.8,81.3,1.0,critico,sintetico
26.0,62.0,0.0,normal,real
27.0,58.0,0.0,normal,real
34.9,81.0,0.0,alerta,sintetico
33.0,74.2,0.0,alerta,sintetico
21.7,80.4,0.0,alerta,sintetico
30.0,89.5,0.0,alerta,sintetico
29.0,91.0,0.0,critico,sintetico
21.1,68.7,0.0,normal,sintetico
20.4,53.8,0.0,normal,sintetico
30.0,51.0,0.0,alerta,real
32.0,68.2,0.0,alerta,sintetico
35.5,91.0,1.0,critico,sintetico
24.0,70.0,0.0,normal,real
25.3,76.9,1.0,presenca,sintetico
26.9,55.9,1.0,presenca,sintetico
35.0,88.0,0.0,critico,sintetico
32.0,61.0,0.0,alerta,real
26.0,62.0,0.0,normal,real
25.0,97.0,1.0,critico,real
33.3,67.4,0.0,alerta,sintetico
36.0,79.8,1.0,critico,sintetico
38.7,91.0,1.0,critico,sintetico
27.2,78.4,1.0,presenca,sintetico
31.0,80.0,1.0,alerta,sintetico
31.0,53.0,0.0,alerta,real
40.0,68.0,1.0,critico,sintetico
26.2,60.5,1.0,presenca,sintetico
34.9,90.5,1.0,critico,sintetico
25.4,86.7,1.0,critico,sintetico
21.3,76.7,0.0,normal,sintetico
36.9,68.3,1.0,critico,sintetico
25.0,96.0,1.0,critico,real
30.1,58.2,0.0,alerta,sintetico
23.4,70.0,0.0,normal,sintetico
25.6,94.1,1.0,critico,sintetico
34.0,89.0,1.0,critico,sintetico
27.0,59.0,0.0,normal,real
28.0,72.8,1.0,presenca,sintetico
27.7,64.0,1.0,presenca,sintetico
36.6,90.3,1.0,critico,sintetico
21.6,67.3,0.0,normal,sintetico
22.8,55.9,0.0,normal,sintetico
28.6,64.9,1.0,presenca,sintetico
28.8,42.8,1.0,presenca,sintetico
26.7,70.6,1.0,presenca,sintetico
34.0,81.0,1.0,critico,sintetico
37.9,67.7,1.0,critico,sintetico
25.8,50.0,1.0,presenca,sintetico
36.7,56.0,1.0,critico,sintetico
23.6,73.6,0.0,normal,sintetico
26.0,61.0,0.0,normal,real
27.2,55.6,1.0,presenca,sintetico
29.2,79.0,1.0,presenca,sintetico
38.9,71.8,1.0,critico,sintetico
31.2,86.0,0.0,alerta,sintetico
38.1,65.7,1.0,critico,sintetico
28.0,76.0,0.0,normal,real
31.0,71.3,0.0,alerta,sintetico
25.2,47.0,1.0,presenca,sintetico
28.0,77.4,1.0,presenca,sintetico
21.3,71.8,0.0,normal,sintetico
35.0,89.5,0.0,critico,sintetico
25.0,98.0,0.0,critico,real
22.3,46.6,0.0,normal,sintetico
30.0,90.5,0.0,critico,sintetico
27.0,58.0,0.0,normal,real
30.1,81.0,0.0,alerta,sintetico
26.2,61.6,1.0,presenca,sintetico
26.0,61.0,0.0,normal,real
35.5,80.6,1.0,critico,sintetico
28.9,49.5,1.0,presenca,sintetico
21.9,63.5,0.0,normal,sintetico
29.0,79.8,1.0,presenca,sintetico
29.0,90.0,1.0,critico,sintetico
27.7,81.0,1.0,alerta,sintetico
35.0,78.0,1.0,critico,sintetico
39.7,80.4,1.0,critico,sintetico
28.0,54.0,1.0,presenca,real
27.8,90.8,1.0,critico,sintetico
22.7,60.7,0.0,normal,sintetico
30.0,52.0,0.0,alerta,real
29.6,92.0,1.0,critico,sintetico
32.0,55.0,0.0,alerta,real
28.8,81.1,1.0,alerta,sintetico
30.9,90.2,0.0,critico,sintetico
25.0,63.0,0.0,normal,real
26.2,57.5,1.0,presenca,sintetico
28.0,53.0,0.0,normal,real
35.0,80.2,0.0,critico,sintetico
25.0,98.0,0.0,critico,real
21.5,83.5,0.0,alerta,sintetico
33.0,83.0,1.0,critico,real
30.0,51.0,0.0,alerta,real
29.9,78.5,0.0,normal,sintetico
29.2,79.8,0.0,normal,sintetico
30.4,90.0,1.0,critico,sintetico
30.0,51.0,0.0,alerta,real
